Timestamp,Agent,Action,Status,Details
2026-02-10 03:46:59,Telegram User,Input Received,Info,Text: How good are you with excels?...
2026-02-10 03:47:01,Telegram User,Input Received,Info,Text: hello...
2026-02-10 03:47:10,Chief_of_Staff,Text Response Sent,Success,
2026-02-10 03:47:22,Chief_of_Staff,Text Response Sent,Success,
2026-02-10 04:18:11,Telegram User,Input Received,Info,Text: Hello...
2026-02-10 04:18:11,Telegram User,Input Received,Info,"Text: Victor, I am saving a secure variable in your long..."
2026-02-10 04:18:12,Chief_of_Staff,Text Response Sent,Success,
2026-02-10 04:18:12,Telegram User,Input Received,Info,"Text: Victor, I am saving a secure variable now. The pro..."
2026-02-10 04:18:16,Chief_of_Staff,Text Response Sent,Success,
2026-02-10 04:18:16,Chief_of_Staff,Text Response Sent,Success,
2026-02-10 04:49:06,Telegram User,Document Received,Info,File: BP_Sales_Report_OurCleanedData.xlsx
2026-02-10 04:49:07,Telegram User,Input Received,Info,Text: I've uploaded BP_Sales_Report_OurCleanedData.xlsx....
2026-02-10 04:49:12,Chief_of_Staff,Text Response Sent,Success,
2026-02-10 04:50:54,Telegram User,Document Received,Info,File: BP_Sales_Report_2026-02-03_to_2026-02-03.xlsx
2026-02-10 04:50:55,Telegram User,Input Received,Info,Text: Analyze the BP_Sales_Report_OurCleanedData.xlsx. a...
2026-02-10 04:52:04,System,Error,Failed,A request to the Telegram API was unsuccessful. Error code: 400. Description: Bad Request: message is too long
2026-02-10 04:53:59,Telegram User,Input Received,Info,Text: oh so the message was too long...
2026-02-10 04:54:03,Chief_of_Staff,Text Response Sent,Success,
2026-02-10 04:58:49,Telegram User,Input Received,Info,Text: Do a deep dive analysis of these files and let me ...
2026-02-10 04:58:49,Telegram User,Document Received,Info,File: BP_Sales_Report_2026-02-03_to_2026-02-03.xlsx
2026-02-10 04:58:50,Telegram User,Input Received,Info,Text: I've uploaded BP_Sales_Report_2026-02-03_to_2026-0...
2026-02-10 04:58:57,Chief_of_Staff,Text Response Sent,Success,
2026-02-10 04:58:57,Telegram User,Document Received,Info,File: BP_Sales_Report_OurCleanedData.xlsx
2026-02-10 04:58:57,Telegram User,Input Received,Info,Text: I've uploaded BP_Sales_Report_OurCleanedData.xlsx....
2026-02-10 04:58:59,Chief_of_Staff,Text Response Sent,Success,
2026-02-10 04:59:09,Chief_of_Staff,Text Response Sent,Success,
2026-02-10 05:00:27,Telegram User,Document Received,Info,File: BP_Sales_Report_2026-02-03_to_2026-02-03.xlsx
2026-02-10 05:00:28,Telegram User,Input Received,Info,Text: Export back a clean csv file back to me and make s...
2026-02-10 05:00:38,Chief_of_Staff,Courier Successful,Success,File: victor_os/workspace/cleaned_sales_report.csv
2026-02-10 05:04:27,Telegram User,Input Received,Info,"Text: Victor, using the cleaned data you just made, gene..."
2026-02-10 05:04:37,Chief_of_Staff,Courier Successful,Success,File: victor_os/workspace/brand_sales_chart.png
2026-02-10 05:12:40,Telegram User,Input Received,Info,"Text: Victor, what is the current trading price of Bitco..."
2026-02-10 05:12:45,Chief_of_Staff,Text Response Sent,Success,
2026-02-10 10:35:58,Telegram User,Input Received,Info,Text: Hello...
2026-02-10 10:35:58,Chief_of_Staff,Text Response Sent,Success,
2026-02-10 10:38:02,Telegram User,Input Received,Info,Text: Are you online...
2026-02-10 10:38:03,Chief_of_Staff,Text Response Sent,Success,
2026-02-10 10:59:49,Telegram User,Input Received,Info,Text: Status Report...
2026-02-10 10:59:49,Chief_of_Staff,Text Response Sent,Success,
2026-02-10 11:00:02,Telegram User,Input Received,Info,Text: How are you doing today...
2026-02-10 11:00:02,Chief_of_Staff,Text Response Sent,Success,
2026-02-10 11:17:01,Telegram User,Input Received,Info,Text: Hello...
2026-02-10 11:17:01,Chief_of_Staff,Text Response Sent,Success,
2026-02-10 11:20:39,Telegram User,Input Received,Info,Text: hello...
2026-02-10 11:20:41,Chief_of_Staff,Text Response Sent,Success,
2026-02-10 11:46:21,Telegram User,Input Received,Info,"Text: ""Are you still a robot?..."
2026-02-10 11:46:24,Chief_of_Staff,Text Response Sent,Success,
2026-02-10 11:46:44,Telegram User,Input Received,Info,Text: WHat is project codename that I gave you yesterday...
2026-02-10 11:46:47,Chief_of_Staff,Text Response Sent,Success,
2026-02-10 11:50:00,Telegram User,Input Received,Info,Text: What was that project codename?...
2026-02-10 11:50:06,Chief_of_Staff,Text Response Sent,Success,
2026-02-10 12:09:28,Telegram User,Input Received,Info,Text: Hello...
2026-02-10 12:09:28,Telegram User,Input Received,Info,Text: Hello...
2026-02-10 12:09:28,Chief_of_Staff,Text Response Sent,Success,
2026-02-10 12:09:28,Chief_of_Staff,Text Response Sent,Success,
2026-02-10 12:09:28,Telegram User,Input Received,Info,Text: Hello...
2026-02-10 12:09:28,Chief_of_Staff,Text Response Sent,Success,
2026-02-10 12:31:51,Telegram User,Input Received,Info,"Text: Victor, I am testing your memory retrieval. What i..."
2026-02-10 12:31:56,Chief_of_Staff,Text Response Sent,Success,
2026-02-10 12:44:41,Telegram User,Input Received,Info,"Text: Victor, I am testing your memory retrieval. What i..."
2026-02-10 12:44:44,Chief_of_Staff,Text Response Sent,Success,
2026-02-10 12:57:06,Telegram User,Input Received,Info,"Text: Victor, I am testing your memory retrieval. What i..."
2026-02-10 12:57:09,Chief_of_Staff,Text Response Sent,Success,
2026-02-10 13:07:17,Telegram User,Input Received,Info,"Text: Victor, I am testing your memory retrieval. What i..."
2026-02-10 13:07:18,Chief_of_Staff,Text Response Sent,Success,
2026-02-10 13:16:52,Telegram User,Input Received,Info,Text: Hello...
2026-02-10 13:16:52,Chief_of_Staff,Text Response Sent,Success,
2026-02-10 13:48:05,Telegram User,Input Received,Info,"Text: Victor, SAVE THIS: The secret code is Blue-7...."
2026-02-10 13:48:08,Chief_of_Staff,Text Response Sent,Success,
2026-02-10 15:04:04,Telegram User,Input Received,Info,"Text: Victor, what is the secret code?..."
2026-02-10 15:04:05,Telegram User,Input Received,Info,"Text: Victor, what is the secret code?..."
2026-02-10 15:04:06,Chief_of_Staff,Text Response Sent,Success,
2026-02-10 15:04:06,Chief_of_Staff,Text Response Sent,Success,
2026-02-10 15:16:26,Telegram User,Input Received,Info,Text: Hello...
2026-02-10 15:16:27,Chief_of_Staff,Text Response Sent,Success,
2026-02-10 15:19:05,Telegram User,Input Received,Info,"Text: Victor, SAVE THIS permanently: The secret code is ..."
2026-02-10 15:19:06,Chief_of_Staff,Text Response Sent,Success,
2026-02-10 15:19:41,Telegram User,Input Received,Info,"Text: Victor, look at my screen. What am I working on ri..."
2026-02-10 15:19:43,Chief_of_Staff,Text Response Sent,Success,
2026-02-10 15:27:27,Telegram User,Input Received,Info,"Text: Victor, look at my screen"" again...."
2026-02-10 15:27:29,Chief_of_Staff,Text Response Sent,Success,
2026-02-10 15:36:38,Telegram User,Input Received,Info,"Text: Role: Senior AI Engineer Objective: Disable ""Silen..."
2026-02-10 15:36:39,Chief_of_Staff,Text Response Sent,Success,
2026-02-10 15:39:12,Telegram User,Input Received,Info,Text: Hello...
2026-02-10 15:39:13,Chief_of_Staff,Text Response Sent,Success,
2026-02-10 16:19:55,Telegram User,Input Received,Info,Text: hello...
2026-02-10 16:19:59,Chief_of_Staff,Text Response Sent,Success,
2026-02-10 16:20:06,Telegram User,Input Received,Info,Text: What is your primary directive?...
2026-02-10 16:20:08,Chief_of_Staff,Text Response Sent,Success,
2026-02-10 16:29:58,Telegram User,Input Received,Info,Text: hi...
2026-02-10 16:30:00,Chief_of_Staff,Text Response Sent,Success,
2026-02-10 16:30:11,Telegram User,Input Received,Info,Text: hello...
2026-02-10 16:30:13,Chief_of_Staff,Text Response Sent,Success,
2026-02-10 17:34:16,Telegram User,Input Received,Info,Text: Hello...
2026-02-10 17:34:17,Chief_of_Staff,Text Response Sent,Success,
2026-02-10 17:34:26,Telegram User,Input Received,Info,Text: What can you do?...
2026-02-10 17:34:27,Chief_of_Staff,Text Response Sent,Success,
2026-02-10 17:43:36,Telegram User,Input Received,Info,Text: Hello...
2026-02-10 17:43:38,Chief_of_Staff,Text Response Sent,Success,
2026-02-10 18:28:18,Telegram User,Input Received,Info,Text: Hello...
2026-02-10 18:28:22,Chief_of_Staff,Text Response Sent,Success,
2026-02-10 18:28:47,Telegram User,Input Received,Info,Text: What can you do?...
2026-02-10 18:28:50,Chief_of_Staff,Text Response Sent,Success,
2026-02-10 18:43:19,Telegram User,Input Received,Info,Text: DO something extraordinary that I cannot expect...
2026-02-10 18:43:57,Chief_of_Staff,Text Response Sent,Success,
2026-02-10 18:45:54,Telegram User,Input Received,Info,Text: Hello Victor. Give me a sitrep (situation report...
2026-02-10 18:45:59,Chief_of_Staff,Text Response Sent,Success,
2026-02-10 18:55:17,Telegram User,Voice Note Received,Info,
2026-02-10 18:55:22,Telegram User,Input Received,Info,Text: ok so I want to know what's the weather report in ...
2026-02-10 18:55:35,Chief_of_Staff,Text Response Sent,Success,
2026-02-10 19:26:36,Telegram User,Input Received,Info,Text: https://vt.tiktok.com/ZSm8LPWuH/...
2026-02-10 19:26:41,Chief_of_Staff,Text Response Sent,Success,
2026-02-10 19:26:59,Telegram User,Input Received,Info,Text: Can you watch the link videos then?...
2026-02-10 19:27:05,Chief_of_Staff,Text Response Sent,Success,
2026-02-10 19:27:35,Telegram User,Input Received,Info,Text: What if I make you a more than a text based model...
2026-02-10 19:27:46,Chief_of_Staff,Text Response Sent,Success,
2026-02-10 19:28:10,Telegram User,Input Received,Info,Text: Can you work on Excel files?...
2026-02-10 19:28:19,Chief_of_Staff,Text Response Sent,Success,
2026-02-10 19:28:39,Telegram User,Input Received,Info,Text: What part of Excel can't you handle?...
2026-02-10 19:28:48,Chief_of_Staff,Text Response Sent,Success,
2026-02-10 19:29:28,Telegram User,Input Received,Info,Text: Can you access live data...
2026-02-10 19:29:34,Chief_of_Staff,Text Response Sent,Success,
2026-02-10 19:29:55,Telegram User,Input Received,Info,Text: Do you not have a research agent?...
2026-02-10 19:30:03,Chief_of_Staff,Text Response Sent,Success,
2026-02-10 19:30:38,Telegram User,Input Received,Info,"Text: You cannot be having oversights 

Also, how good i..."
2026-02-10 19:31:27,Chief_of_Staff,Text Response Sent,Success,
2026-02-11 00:19:51,Telegram User,Input Received,Info,Text: sitrep...
2026-02-11 00:19:54,Chief_of_Staff,Sitrep Sent,Success,
2026-02-11 01:53:53,Telegram User,Input Received,Info,Text: Hi Victor...
2026-02-11 01:54:11,Chief_of_Staff,Text Response Sent,Success,
2026-02-11 01:54:29,Telegram User,Input Received,Info,Text: What new changes have happened to you recently?...
2026-02-11 01:54:49,Chief_of_Staff,Text Response Sent,Success,
2026-02-11 01:55:30,Telegram User,Input Received,Info,Text: Would you say you are smart?...
2026-02-11 01:56:10,Chief_of_Staff,Voice Response Sent,Success,
2026-02-11 01:57:35,Telegram User,Input Received,Info,Text: Do you have a memory...
2026-02-11 01:58:01,Chief_of_Staff,Text Response Sent,Success,
2026-02-11 01:58:38,memory_core,Memory vault initialized,INFO,
2026-02-11 01:58:38,memory_core,Memory vault initialized,INFO,
2026-02-11 01:58:38,memory_core,Memory inserted: global_preference_1770771518607,INFO,
2026-02-11 01:58:38,memory_core,Memory dedup-merged: global_preference_1770771518607,INFO,
2026-02-11 01:58:38,memory_core,Memory vault initialized,INFO,
2026-02-11 01:58:38,memory_core,Memory inserted: global_task_1770771518748,INFO,
2026-02-11 01:58:38,memory_core,Memory inserted: agent_status_1770771518761,INFO,
2026-02-11 02:00:06,memory_core,Memory vault initialized,INFO,
2026-02-11 02:00:06,memory_core,Memory vault initialized,INFO,
2026-02-11 02:00:06,memory_core,Memory inserted: global_preference_1770771606906,INFO,
2026-02-11 02:00:06,memory_core,Memory dedup-merged: global_preference_1770771606906,INFO,
2026-02-11 02:00:07,memory_core,Memory vault initialized,INFO,
2026-02-11 02:00:07,memory_core,Memory inserted: global_task_1770771607035,INFO,
2026-02-11 02:00:07,memory_core,Memory inserted: agent_status_1770771607049,INFO,
2026-02-11 02:00:07,proactive_engine,Registered 1 proactive checks,INFO,
2026-02-11 02:00:07,proactive_engine,"Proactive alert sent for user=ceejay via channels=['telegram', 'whatsapp']",INFO,
2026-02-11 02:00:07,proactive_engine,Registered 1 proactive checks,INFO,
2026-02-11 02:00:07,proactive_engine,Registered 3 proactive checks,INFO,
2026-02-11 02:00:07,proactive_engine,"Proactive alert sent for user=ceejay via channels=['telegram', 'whatsapp']",INFO,
2026-02-11 02:00:07,proactive_engine,"Proactive alert sent for user=ceejay via channels=['telegram', 'whatsapp']",INFO,
2026-02-11 02:00:07,workflow_engine,Loaded 3 workflow definition(s),INFO,
2026-02-11 02:00:07,workflow_engine,Starting workflow 'market_watch_alert' run=1d94e4e28d28,INFO,
2026-02-11 02:00:07,workflow_engine,Workflow 'market_watch_alert' run=1d94e4e28d28 finished: completed,INFO,
2026-02-11 02:00:07,workflow_engine,Loaded 3 workflow definition(s),INFO,
2026-02-11 02:00:07,workflow_engine,Starting workflow 'ops_daily_brief' run=eda7e1fbb2e6,INFO,
2026-02-11 02:00:07,workflow_engine,Workflow 'ops_daily_brief' run=eda7e1fbb2e6 finished: completed,INFO,
2026-02-11 02:00:07,workflow_engine,Loaded 3 workflow definition(s),INFO,
2026-02-11 02:00:07,proactive_engine,Registered 1 proactive checks,INFO,
2026-02-11 02:00:07,proactive_engine,"Proactive alert sent for user=u1 via channels=['telegram', 'whatsapp']",INFO,
2026-02-11 02:00:07,task_queue,Registered task handler: workflow_run,INFO,
2026-02-11 02:00:07,task_queue,Enqueued task 87b41a3fdd234cc7 type=workflow_run,INFO,
2026-02-11 02:00:07,task_queue,Task queue worker started,INFO,
2026-02-11 02:00:07,task_queue,Task 87b41a3fdd234cc7 completed,INFO,
2026-02-11 02:00:07,task_queue,Task queue worker stopped,INFO,
2026-02-11 02:10:16,telegram_server,Telegram server starting up,INFO,
2026-02-11 02:11:09,memory_core,Memory vault initialized,INFO,
2026-02-11 02:11:09,skill_registry,Registered skill: market_watch v1.0.0 (1 tools),INFO,
2026-02-11 02:11:09,skill_registry,Registered skill: memory_hygiene v1.0.0 (1 tools),INFO,
2026-02-11 02:11:09,skill_registry,Registered skill: ops_health_check v1.0.0 (1 tools),INFO,
2026-02-11 02:11:09,skill_registry,Loaded 3 skill(s) from C:\Users\HomePC\Desktop\My Personal Assistant\victor_os\skills,INFO,
2026-02-11 02:11:09,telegram_server,Connecting to Telegram...,INFO,
2026-02-11 02:11:09,telegram_server,Victor-OS (Multimodal Mode) is Online! (Bot ID: 7770925936),INFO,
2026-02-11 02:11:09,task_queue,Task queue worker started,INFO,
2026-02-11 02:11:09,proactive_engine,Registered 3 proactive checks,INFO,
2026-02-11 02:11:09,proactive_engine,Proactive engine started,INFO,
2026-02-11 02:11:09,telegram_server,Proactive engine started,INFO,
2026-02-11 02:12:08,telegram_server,Processing: Hello victor ,INFO,
2026-02-11 02:12:13,Telegram User,Input Received,INFO,Text: Hello victor...
2026-02-11 02:16:36,proactive_engine,Proactive check failed (market_watch_moves): <urlopen error [WinError 10053] An established connecti,WARNING,
2026-02-11 02:17:06,telegram_server,Notification push failed: A request to the Telegram API was unsuccessful. Error code: 400. Descripti,ERROR,
2026-02-11 02:17:06,proactive_engine,"Proactive alert sent for user=ceejay via channels=['telegram', 'whatsapp']",INFO,
2026-02-11 02:17:11,telegram_server,Singleton lock — another instance running. Exiting.,WARNING,
2026-02-11 02:18:19,telegram_server,Singleton lock — another instance running. Exiting.,WARNING,
2026-02-11 02:18:32,telegram_server,"Processing error: ('Connection aborted.', ConnectionResetError(10054, 'An existing connection was fo",ERROR,
2026-02-11 02:18:36,memory_core,Memory vault initialized,INFO,
2026-02-11 02:18:36,skill_registry,Registered skill: market_watch v1.0.0 (1 tools),INFO,
2026-02-11 02:18:36,skill_registry,Registered skill: memory_hygiene v1.0.0 (1 tools),INFO,
2026-02-11 02:18:36,skill_registry,Registered skill: ops_health_check v1.0.0 (1 tools),INFO,
2026-02-11 02:18:36,skill_registry,Loaded 3 skill(s) from C:\Users\HomePC\Desktop\My Personal Assistant\victor_os\skills,INFO,
2026-02-11 02:18:36,task_queue,Registered task handler: daily_briefing,INFO,
2026-02-11 02:18:36,task_queue,Task queue worker started,INFO,
2026-02-11 02:18:36,daily_briefing,Daily briefing scheduler online,INFO,
2026-02-11 02:18:38,System,Error,INFO,"('Connection aborted.', ConnectionResetError(10054, 'An existing connection was forcibly closed by the remote host', None, 10054, None))"
2026-02-11 02:19:47,telegram_server,Singleton lock — another instance running. Exiting.,WARNING,
2026-02-11 02:20:31,telegram_server,Singleton lock — another instance running. Exiting.,WARNING,
2026-02-11 02:22:09,telegram_server,"Notification push failed: ('Connection aborted.', ConnectionResetError(10054, 'An existing connectio",ERROR,
2026-02-11 02:22:09,proactive_engine,"Proactive alert sent for user=ceejay via channels=['telegram', 'whatsapp']",INFO,
2026-02-11 02:22:19,telegram_server,Singleton lock — another instance running. Exiting.,WARNING,
2026-02-11 02:22:51,telegram_server,Singleton lock — another instance running. Exiting.,WARNING,
2026-02-11 02:23:35,telegram_server,Telegram server starting up,INFO,
2026-02-11 02:23:52,memory_core,Memory vault initialized,INFO,
2026-02-11 02:23:52,skill_registry,Registered skill: market_watch v1.0.0 (1 tools),INFO,
2026-02-11 02:23:52,skill_registry,Registered skill: memory_hygiene v1.0.0 (1 tools),INFO,
2026-02-11 02:23:52,skill_registry,Registered skill: ops_health_check v1.0.0 (1 tools),INFO,
2026-02-11 02:23:52,skill_registry,Loaded 3 skill(s) from C:\Users\HomePC\Desktop\My Personal Assistant\victor_os\skills,INFO,
2026-02-11 02:23:52,telegram_server,Connecting to Telegram...,INFO,
2026-02-11 02:23:52,telegram_server,Victor-OS (Multimodal Mode) is Online! (Bot ID: 7770925936),INFO,
2026-02-11 02:23:52,task_queue,Task queue worker started,INFO,
2026-02-11 02:23:52,proactive_engine,Registered 3 proactive checks,INFO,
2026-02-11 02:23:52,proactive_engine,Proactive engine started,INFO,
2026-02-11 02:23:52,telegram_server,Proactive engine started,INFO,
2026-02-11 02:23:55,proactive_engine,"Proactive alert sent for user=ceejay via channels=['telegram', 'whatsapp']",INFO,
2026-02-11 02:26:21,telegram_server,Telegram server starting up,INFO,
2026-02-11 02:26:25,memory_core,Memory vault initialized,INFO,
2026-02-11 02:26:25,skill_registry,Registered skill: market_watch v1.0.0 (1 tools),INFO,
2026-02-11 02:26:25,skill_registry,Registered skill: memory_hygiene v1.0.0 (1 tools),INFO,
2026-02-11 02:26:25,skill_registry,Registered skill: ops_health_check v1.0.0 (1 tools),INFO,
2026-02-11 02:26:25,skill_registry,Loaded 3 skill(s) from C:\Users\HomePC\Desktop\My Personal Assistant\victor_os\skills,INFO,
2026-02-11 02:26:25,telegram_server,Connecting to Telegram...,INFO,
2026-02-11 02:26:25,telegram_server,Victor-OS (Multimodal Mode) is Online! (Bot ID: 7770925936),INFO,
2026-02-11 02:26:25,task_queue,Task queue worker started,INFO,
2026-02-11 02:26:25,proactive_engine,Registered 3 proactive checks,INFO,
2026-02-11 02:26:25,proactive_engine,Proactive engine started,INFO,
2026-02-11 02:26:25,telegram_server,Proactive engine started,INFO,
2026-02-11 02:29:57,telegram_server,Telegram server starting up,INFO,
2026-02-11 02:30:02,memory_core,Memory vault initialized,INFO,
2026-02-11 02:30:02,skill_registry,Registered skill: market_watch v1.0.0 (1 tools),INFO,
2026-02-11 02:30:02,skill_registry,Registered skill: memory_hygiene v1.0.0 (1 tools),INFO,
2026-02-11 02:30:02,skill_registry,Registered skill: ops_health_check v1.0.0 (1 tools),INFO,
2026-02-11 02:30:02,skill_registry,Loaded 3 skill(s) from C:\Users\HomePC\Desktop\My Personal Assistant\victor_os\skills,INFO,
2026-02-11 02:30:02,telegram_server,Connecting to Telegram...,INFO,
2026-02-11 02:30:02,telegram_server,Victor-OS (Multimodal Mode) is Online! (Bot ID: 7770925936),INFO,
2026-02-11 02:30:02,task_queue,Task queue worker started,INFO,
2026-02-11 02:30:02,proactive_engine,Registered 3 proactive checks,INFO,
2026-02-11 02:30:02,proactive_engine,Proactive engine started,INFO,
2026-02-11 02:30:02,telegram_server,Proactive engine started,INFO,
2026-02-11 02:34:12,telegram_server,Processing: Hello victor ,INFO,
2026-02-11 02:34:14,Telegram User,Input Received,INFO,Text: Hello victor...
2026-02-11 02:34:30,Chief_of_Staff,Text Response Sent,INFO,
2026-02-11 02:36:16,telegram_server,Telegram server starting up,INFO,
2026-02-11 02:36:20,memory_core,Memory vault initialized,INFO,
2026-02-11 02:36:20,skill_registry,Registered skill: market_watch v1.0.0 (1 tools),INFO,
2026-02-11 02:36:20,skill_registry,Registered skill: memory_hygiene v1.0.0 (1 tools),INFO,
2026-02-11 02:36:20,skill_registry,Registered skill: ops_health_check v1.0.0 (1 tools),INFO,
2026-02-11 02:36:20,skill_registry,Loaded 3 skill(s) from C:\Users\HomePC\Desktop\My Personal Assistant\victor_os\skills,INFO,
2026-02-11 02:36:20,telegram_server,Connecting to Telegram...,INFO,
2026-02-11 02:36:20,telegram_server,Victor-OS (Multimodal Mode) is Online! (Bot ID: 7770925936),INFO,
2026-02-11 02:36:20,task_queue,Task queue worker started,INFO,
2026-02-11 02:36:20,proactive_engine,Registered 3 proactive checks,INFO,
2026-02-11 02:36:20,proactive_engine,Proactive engine started,INFO,
2026-02-11 02:36:20,telegram_server,Proactive engine started,INFO,
2026-02-11 02:56:34,proactive_engine,"Proactive alert sent for user=ceejay via channels=['telegram', 'whatsapp']",INFO,
2026-02-11 03:36:58,proactive_engine,"Proactive alert sent for user=ceejay via channels=['telegram', 'whatsapp']",INFO,
2026-02-11 03:42:03,telegram_server,Telegram server starting up,INFO,
2026-02-11 03:42:23,memory_core,Memory vault initialized,INFO,
2026-02-11 03:42:24,skill_registry,Registered skill: market_watch v1.0.0 (1 tools),INFO,
2026-02-11 03:42:24,skill_registry,Registered skill: memory_hygiene v1.0.0 (1 tools),INFO,
2026-02-11 03:42:24,skill_registry,Registered skill: ops_health_check v1.0.0 (1 tools),INFO,
2026-02-11 03:42:24,skill_registry,Loaded 3 skill(s) from C:\Users\HomePC\Desktop\My Personal Assistant\victor_os\skills,INFO,
2026-02-11 03:42:24,telegram_server,Connecting to Telegram...,INFO,
2026-02-11 03:42:24,telegram_server,Victor-OS (Multimodal Mode) is Online! (Bot ID: 7770925936),INFO,
2026-02-11 03:42:29,task_queue,Registered task handler: invoice_job,INFO,
2026-02-11 03:42:29,task_queue,Task queue worker started,INFO,
2026-02-11 03:42:29,proactive_engine,Registered 3 proactive checks,INFO,
2026-02-11 03:42:29,proactive_engine,Proactive engine started,INFO,
2026-02-11 03:42:29,telegram_server,Proactive engine started,INFO,
2026-02-11 03:42:31,proactive_engine,Proactive check 'ops_health_threshold' buffered critical streak=1,INFO,
2026-02-11 04:07:44,proactive_engine,Proactive check 'ops_health_threshold' buffered critical streak=1,INFO,
2026-02-11 04:13:16,telegram_server,Processing: Can  you take in folders? ,INFO,
2026-02-11 04:13:17,Telegram User,Input Received,INFO,Text: Can  you take in folders?...
2026-02-11 04:13:28,Chief_of_Staff,Text Response Sent,INFO,
2026-02-11 04:15:07,telegram_server,Telegram server starting up,INFO,
2026-02-11 04:15:15,memory_core,Memory vault initialized,INFO,
2026-02-11 04:15:15,skill_registry,Registered skill: market_watch v1.0.0 (1 tools),INFO,
2026-02-11 04:15:15,skill_registry,Registered skill: memory_hygiene v1.0.0 (1 tools),INFO,
2026-02-11 04:15:15,skill_registry,Registered skill: ops_health_check v1.0.0 (1 tools),INFO,
2026-02-11 04:15:15,skill_registry,Loaded 3 skill(s) from C:\Users\HomePC\Desktop\My Personal Assistant\victor_os\skills,INFO,
2026-02-11 04:15:15,telegram_server,Connecting to Telegram...,INFO,
2026-02-11 04:15:15,telegram_server,Victor-OS (Multimodal Mode) is Online! (Bot ID: 7770925936),INFO,
2026-02-11 04:15:16,task_queue,Registered task handler: invoice_job,INFO,
2026-02-11 04:15:16,task_queue,Task queue worker started,INFO,
2026-02-11 04:15:16,proactive_engine,Registered 3 proactive checks,INFO,
2026-02-11 04:15:16,proactive_engine,Proactive engine started,INFO,
2026-02-11 04:15:16,telegram_server,Proactive engine started,INFO,
2026-02-11 04:15:18,proactive_engine,Proactive check 'ops_health_threshold' buffered critical streak=1,INFO,
2026-02-11 04:23:41,telegram_server,Document from CeeJay: Invoice.zip,INFO,
2026-02-11 04:23:42,Telegram User,Document Received,INFO,File: Invoice.zip
2026-02-11 04:23:46,task_queue,Enqueued task 858703615e10400c type=invoice_job,INFO,
2026-02-11 04:23:46,invoice_pipeline,Invoice job started input=C:\Users\HomePC\Desktop\My Personal Assistant\victor_os\workspace\Invoice.,INFO,
2026-02-11 04:23:49,invoice_pipeline,Invoice job complete: ok=0 review=86 skipped=0 failed=0,INFO,
2026-02-11 04:23:49,task_queue,Task 858703615e10400c completed,INFO,
2026-02-11 04:24:05,telegram_server,"Notification push failed: ('Connection aborted.', TimeoutError('The write operation timed out'))",ERROR,
2026-02-11 04:25:24,proactive_engine,Proactive check 'ops_health_threshold' buffered critical streak=1,INFO,
2026-02-11 04:26:38,telegram_server,Telegram server starting up,INFO,
2026-02-11 04:26:44,memory_core,Memory vault initialized,INFO,
2026-02-11 04:26:44,skill_registry,Registered skill: market_watch v1.0.0 (1 tools),INFO,
2026-02-11 04:26:44,skill_registry,Registered skill: memory_hygiene v1.0.0 (1 tools),INFO,
2026-02-11 04:26:44,skill_registry,Registered skill: ops_health_check v1.0.0 (1 tools),INFO,
2026-02-11 04:26:44,skill_registry,Loaded 3 skill(s) from C:\Users\HomePC\Desktop\My Personal Assistant\victor_os\skills,INFO,
2026-02-11 04:26:44,telegram_server,Connecting to Telegram...,INFO,
2026-02-11 04:26:44,telegram_server,Victor-OS (Multimodal Mode) is Online! (Bot ID: 7770925936),INFO,
2026-02-11 04:26:45,task_queue,Registered task handler: invoice_job,INFO,
2026-02-11 04:26:45,task_queue,Task queue worker started,INFO,
2026-02-11 04:26:45,proactive_engine,Registered 3 proactive checks,INFO,
2026-02-11 04:26:45,proactive_engine,Proactive engine started,INFO,
2026-02-11 04:26:45,telegram_server,Proactive engine started,INFO,
2026-02-11 04:26:47,proactive_engine,Proactive check 'ops_health_threshold' buffered critical streak=1,INFO,
2026-02-11 04:27:14,telegram_server,Telegram server starting up,INFO,
2026-02-11 04:27:19,memory_core,Memory vault initialized,INFO,
2026-02-11 04:27:19,skill_registry,Registered skill: market_watch v1.0.0 (1 tools),INFO,
2026-02-11 04:27:19,skill_registry,Registered skill: memory_hygiene v1.0.0 (1 tools),INFO,
2026-02-11 04:27:19,skill_registry,Registered skill: ops_health_check v1.0.0 (1 tools),INFO,
2026-02-11 04:27:19,skill_registry,Loaded 3 skill(s) from C:\Users\HomePC\Desktop\My Personal Assistant\victor_os\skills,INFO,
2026-02-11 04:27:19,telegram_server,Connecting to Telegram...,INFO,
2026-02-11 04:27:19,telegram_server,Victor-OS (Multimodal Mode) is Online! (Bot ID: 7770925936),INFO,
2026-02-11 04:27:20,task_queue,Registered task handler: invoice_job,INFO,
2026-02-11 04:27:20,task_queue,Task queue worker started,INFO,
2026-02-11 04:27:20,proactive_engine,Registered 3 proactive checks,INFO,
2026-02-11 04:27:20,proactive_engine,Proactive engine started,INFO,
2026-02-11 04:27:20,telegram_server,Proactive engine started,INFO,
2026-02-11 05:02:41,proactive_engine,Proactive check 'ops_health_threshold' buffered critical streak=1,INFO,
2026-02-11 05:07:45,proactive_engine,Proactive check 'ops_health_threshold' buffered critical streak=2,INFO,
2026-02-11 05:09:09,telegram_server,Telegram server starting up,INFO,
2026-02-11 05:09:15,memory_core,Memory vault initialized,INFO,
2026-02-11 05:09:15,skill_registry,Registered skill: market_watch v1.0.0 (1 tools),INFO,
2026-02-11 05:09:15,skill_registry,Registered skill: memory_hygiene v1.0.0 (1 tools),INFO,
2026-02-11 05:09:15,skill_registry,Registered skill: ops_health_check v1.0.0 (1 tools),INFO,
2026-02-11 05:09:15,skill_registry,Loaded 3 skill(s) from C:\Users\HomePC\Desktop\My Personal Assistant\victor_os\skills,INFO,
2026-02-11 05:09:15,telegram_server,Connecting to Telegram...,INFO,
2026-02-11 05:09:15,telegram_server,Victor-OS (Multimodal Mode) is Online! (Bot ID: 7770925936),INFO,
2026-02-11 05:09:16,task_queue,Registered task handler: invoice_job,INFO,
2026-02-11 05:09:16,task_queue,Task queue worker started,INFO,
2026-02-11 05:09:16,proactive_engine,Registered 3 proactive checks,INFO,
2026-02-11 05:09:16,proactive_engine,Proactive engine started,INFO,
2026-02-11 05:09:16,telegram_server,Proactive engine started,INFO,
2026-02-11 05:14:21,proactive_engine,Proactive check 'ops_health_threshold' buffered critical streak=1,INFO,
2026-02-11 05:24:27,proactive_engine,Proactive check 'ops_health_threshold' buffered critical streak=1,INFO,
2026-02-11 05:29:29,proactive_engine,Proactive check 'ops_health_threshold' buffered critical streak=2,INFO,
2026-02-11 05:34:34,tools,Email sent: Critical Victor-OS Alert,INFO,
2026-02-11 05:34:34,proactive_engine,Proactive alert sent for user=ceejay via channels=['email'],INFO,
2026-02-11 05:39:40,tools,Email sent: Critical Victor-OS Alert,INFO,
2026-02-11 05:39:40,proactive_engine,Proactive alert sent for user=ceejay via channels=['email'],INFO,
2026-02-11 05:44:45,tools,Email sent: Critical Victor-OS Alert,INFO,
2026-02-11 05:44:45,proactive_engine,Proactive alert sent for user=ceejay via channels=['email'],INFO,
2026-02-11 05:49:50,tools,Email sent: Critical Victor-OS Alert,INFO,
2026-02-11 05:49:50,proactive_engine,Proactive alert sent for user=ceejay via channels=['email'],INFO,
2026-02-11 05:54:54,tools,Email sent: Critical Victor-OS Alert,INFO,
2026-02-11 05:54:54,proactive_engine,Proactive alert sent for user=ceejay via channels=['email'],INFO,
2026-02-11 05:59:59,tools,Email sent: Critical Victor-OS Alert,INFO,
2026-02-11 05:59:59,proactive_engine,Proactive alert sent for user=ceejay via channels=['email'],INFO,
2026-02-11 06:05:05,tools,Email sent: Critical Victor-OS Alert,INFO,
2026-02-11 06:05:05,proactive_engine,Proactive alert sent for user=ceejay via channels=['email'],INFO,
2026-02-11 06:10:10,tools,Email sent: Critical Victor-OS Alert,INFO,
2026-02-11 06:10:10,proactive_engine,Proactive alert sent for user=ceejay via channels=['email'],INFO,
2026-02-11 06:15:14,tools,Email sent: Critical Victor-OS Alert,INFO,
2026-02-11 06:15:14,proactive_engine,Proactive alert sent for user=ceejay via channels=['email'],INFO,
2026-02-11 06:20:19,tools,Email sent: Critical Victor-OS Alert,INFO,
2026-02-11 06:20:19,proactive_engine,Proactive alert sent for user=ceejay via channels=['email'],INFO,
2026-02-11 06:25:29,proactive_engine,Proactive check failed (market_watch_moves): <urlopen error _ssl.c:1059: The handshake operation tim,WARNING,
2026-02-11 06:25:42,tools,Email failed: [SSL: UNEXPECTED_EOF_WHILE_READING] EOF occurred in violation of protocol (_ssl.c:1077,ERROR,
2026-02-11 06:25:42,proactive_engine,Proactive alert sent for user=ceejay via channels=['email'],INFO,
2026-02-11 06:29:46,memory_core,Memory vault initialized,INFO,
2026-02-11 06:30:00,invoice_pipeline,Invoice job started input=c:\Users\HomePC\Desktop\Test.zip,INFO,
2026-02-11 06:30:01,invoice_pipeline,Golden verification passed: strict 43/43 field-correct,INFO,
2026-02-11 06:30:01,invoice_pipeline,Invoice job complete: ok=43 review=0 skipped=0 failed=0,INFO,
2026-02-11 06:30:01,proactive_engine,Registered 1 proactive checks,INFO,
2026-02-11 06:30:01,proactive_engine,Proactive alert sent for user=u1 via channels=['email'],INFO,
2026-02-11 06:30:01,task_queue,Registered task handler: workflow_run,INFO,
2026-02-11 06:30:01,task_queue,Enqueued task aae573b42375402f type=workflow_run,INFO,
2026-02-11 06:30:01,task_queue,Task queue worker started,INFO,
2026-02-11 06:30:01,task_queue,Task aae573b42375402f completed,INFO,
2026-02-11 06:30:02,task_queue,Task queue worker stopped,INFO,
2026-02-11 06:30:06,invoice_pipeline,Invoice job started input=C:\Users\HomePC\AppData\Local\Temp\tmpo_17xczx\invoice.pdf,INFO,
2026-02-11 06:30:06,invoice_pipeline,Invoice job complete: ok=1 review=0 skipped=0 failed=0,INFO,
2026-02-11 06:30:06,invoice_pipeline,Invoice job started input=C:\Users\HomePC\AppData\Local\Temp\tmpy8xd284w\batch.zip,INFO,
2026-02-11 06:30:06,invoice_pipeline,Invoice job complete: ok=1 review=1 skipped=0 failed=1,INFO,
2026-02-11 06:30:06,memory_core,Memory vault initialized,INFO,
2026-02-11 06:30:06,memory_core,Memory inserted: global_preference_1770787806666,INFO,
2026-02-11 06:30:06,memory_core,Memory dedup-merged: global_preference_1770787806666,INFO,
2026-02-11 06:30:06,memory_core,Memory vault initialized,INFO,
2026-02-11 06:30:06,memory_core,Memory inserted: global_task_1770787806781,INFO,
2026-02-11 06:30:06,memory_core,Memory inserted: agent_status_1770787806791,INFO,
2026-02-11 06:30:06,proactive_engine,Registered 1 proactive checks,INFO,
2026-02-11 06:30:06,proactive_engine,Proactive check 'critical_check' buffered critical streak=1,INFO,
2026-02-11 06:30:06,proactive_engine,Proactive alert sent for user=u1 via channels=['email'],INFO,
2026-02-11 06:30:06,proactive_engine,Registered 1 proactive checks,INFO,
2026-02-11 06:30:06,proactive_engine,Proactive check 'warn_check' skipped by severity policy: warning,INFO,
2026-02-11 06:30:06,proactive_engine,Registered 1 proactive checks,INFO,
2026-02-11 06:30:06,proactive_engine,Proactive alert sent for user=ceejay via channels=['email'],INFO,
2026-02-11 06:30:06,proactive_engine,Registered 1 proactive checks,INFO,
2026-02-11 06:30:06,proactive_engine,Registered 3 proactive checks,INFO,
2026-02-11 06:30:06,proactive_engine,Proactive alert sent for user=ceejay via channels=['email'],INFO,
2026-02-11 06:30:06,proactive_engine,Proactive alert sent for user=ceejay via channels=['email'],INFO,
2026-02-11 06:30:06,task_queue,Registered task handler: invoice_job,INFO,
2026-02-11 06:30:06,task_queue,Enqueued task b6b7451e5c00484f type=invoice_job,INFO,
2026-02-11 06:30:06,task_queue,Task queue worker started,INFO,
2026-02-11 06:30:06,invoice_pipeline,Invoice job started input=C:\Users\HomePC\AppData\Local\Temp\tmpl1idij11\invoice.pdf,INFO,
2026-02-11 06:30:06,invoice_pipeline,Invoice job complete: ok=1 review=0 skipped=0 failed=0,INFO,
2026-02-11 06:30:06,task_queue,Task b6b7451e5c00484f completed,INFO,
2026-02-11 06:30:07,task_queue,Task queue worker stopped,INFO,
2026-02-11 06:30:07,workflow_engine,Loaded 4 workflow definition(s),INFO,
2026-02-11 06:30:07,workflow_engine,Starting workflow 'market_watch_alert' run=d66907e48682,INFO,
2026-02-11 06:30:07,workflow_engine,Workflow 'market_watch_alert' run=d66907e48682 finished: completed,INFO,
2026-02-11 06:30:07,workflow_engine,Loaded 4 workflow definition(s),INFO,
2026-02-11 06:30:07,workflow_engine,Starting workflow 'ops_daily_brief' run=b401cebfd6c2,INFO,
2026-02-11 06:30:07,workflow_engine,Workflow 'ops_daily_brief' run=b401cebfd6c2 finished: completed,INFO,
2026-02-11 06:30:07,workflow_engine,Loaded 4 workflow definition(s),INFO,
2026-02-11 06:30:47,tools,Email sent: Critical Victor-OS Alert,INFO,
2026-02-11 06:30:47,proactive_engine,Proactive alert sent for user=ceejay via channels=['email'],INFO,
2026-02-11 06:31:36,telegram_server,Telegram server starting up,INFO,
2026-02-11 06:31:48,memory_core,Memory vault initialized,INFO,
2026-02-11 06:31:48,skill_registry,Registered skill: market_watch v1.0.0 (1 tools),INFO,
2026-02-11 06:31:48,skill_registry,Registered skill: memory_hygiene v1.0.0 (1 tools),INFO,
2026-02-11 06:31:48,skill_registry,Registered skill: ops_health_check v1.0.0 (1 tools),INFO,
2026-02-11 06:31:48,skill_registry,Loaded 3 skill(s) from C:\Users\HomePC\Desktop\My Personal Assistant\victor_os\skills,INFO,
2026-02-11 06:31:48,telegram_server,Connecting to Telegram...,INFO,
2026-02-11 06:31:48,telegram_server,Victor-OS (Multimodal Mode) is Online! (Bot ID: 7770925936),INFO,
2026-02-11 06:31:49,task_queue,Registered task handler: invoice_job,INFO,
2026-02-11 06:31:49,task_queue,Task queue worker started,INFO,
2026-02-11 06:31:49,proactive_engine,Registered 3 proactive checks,INFO,
2026-02-11 06:31:49,proactive_engine,Proactive engine started,INFO,
2026-02-11 06:31:49,telegram_server,Proactive engine started,INFO,
2026-02-11 06:31:52,proactive_engine,Proactive check 'ops_health_threshold' buffered critical streak=1,INFO,
2026-02-11 06:36:55,proactive_engine,Proactive check 'ops_health_threshold' buffered critical streak=2,INFO,
2026-02-11 06:41:59,tools,Email sent: Critical Victor-OS Alert,INFO,
2026-02-11 06:41:59,proactive_engine,Proactive alert sent for user=ceejay via channels=['email'],INFO,
2026-02-11 06:47:04,tools,Email sent: Critical Victor-OS Alert,INFO,
2026-02-11 06:47:04,proactive_engine,Proactive alert sent for user=ceejay via channels=['email'],INFO,
2026-02-11 06:52:09,tools,Email sent: Critical Victor-OS Alert,INFO,
2026-02-11 06:52:09,proactive_engine,Proactive alert sent for user=ceejay via channels=['email'],INFO,
2026-02-11 06:57:14,tools,Email sent: Critical Victor-OS Alert,INFO,
2026-02-11 06:57:14,proactive_engine,Proactive alert sent for user=ceejay via channels=['email'],INFO,
2026-02-11 07:02:19,tools,Email sent: Critical Victor-OS Alert,INFO,
2026-02-11 07:02:19,proactive_engine,Proactive alert sent for user=ceejay via channels=['email'],INFO,
2026-02-11 07:07:24,tools,Email sent: Critical Victor-OS Alert,INFO,
2026-02-11 07:07:24,proactive_engine,Proactive alert sent for user=ceejay via channels=['email'],INFO,
2026-02-11 07:12:28,tools,Email sent: Critical Victor-OS Alert,INFO,
2026-02-11 07:12:28,proactive_engine,Proactive alert sent for user=ceejay via channels=['email'],INFO,
2026-02-11 07:17:33,tools,Email sent: Critical Victor-OS Alert,INFO,
2026-02-11 07:17:33,proactive_engine,Proactive alert sent for user=ceejay via channels=['email'],INFO,
2026-02-11 07:22:38,tools,Email sent: Critical Victor-OS Alert,INFO,
2026-02-11 07:22:38,proactive_engine,Proactive alert sent for user=ceejay via channels=['email'],INFO,
2026-02-11 07:27:44,tools,Email sent: Critical Victor-OS Alert,INFO,
2026-02-11 07:27:44,proactive_engine,Proactive alert sent for user=ceejay via channels=['email'],INFO,
2026-02-11 07:32:48,tools,Email sent: Critical Victor-OS Alert,INFO,
2026-02-11 07:32:48,proactive_engine,Proactive alert sent for user=ceejay via channels=['email'],INFO,
2026-02-11 07:37:53,tools,Email sent: Critical Victor-OS Alert,INFO,
2026-02-11 07:37:53,proactive_engine,Proactive alert sent for user=ceejay via channels=['email'],INFO,
2026-02-11 07:42:58,tools,Email sent: Critical Victor-OS Alert,INFO,
2026-02-11 07:42:58,proactive_engine,Proactive alert sent for user=ceejay via channels=['email'],INFO,
2026-02-11 07:48:03,tools,Email sent: Critical Victor-OS Alert,INFO,
2026-02-11 07:48:03,proactive_engine,Proactive alert sent for user=ceejay via channels=['email'],INFO,
2026-02-11 07:53:08,tools,Email sent: Critical Victor-OS Alert,INFO,
2026-02-11 07:53:08,proactive_engine,Proactive alert sent for user=ceejay via channels=['email'],INFO,
2026-02-11 08:04:13,proactive_engine,Proactive check failed (market_watch_moves): <urlopen error [Errno 11001] getaddrinfo failed>,WARNING,
2026-02-11 08:04:14,task_queue,Enqueued task 597cf15953b74ee8 type=daily_briefing,INFO,
2026-02-11 08:04:14,daily_briefing,Queued daily briefing task 597cf15953b74ee8,INFO,
2026-02-11 08:04:16,tools,Email failed: [Errno 11001] getaddrinfo failed,ERROR,
2026-02-11 08:04:16,proactive_engine,Proactive alert sent for user=ceejay via channels=['email'],INFO,
2026-02-11 08:04:18,workflow_engine,Loaded 4 workflow definition(s),INFO,
2026-02-11 08:04:19,workflow_engine,Starting workflow 'ops_daily_brief' run=19d4b2942e78,INFO,
2026-02-11 08:13:06,proactive_engine,Proactive check failed (market_watch_moves): <urlopen error [Errno 11001] getaddrinfo failed>,WARNING,
2026-02-11 08:13:08,tools,Email failed: [Errno 11001] getaddrinfo failed,ERROR,
2026-02-11 08:13:08,proactive_engine,Proactive alert sent for user=ceejay via channels=['email'],INFO,
2026-02-11 08:13:10,workflow_engine,Workflow 'ops_daily_brief' run=19d4b2942e78 finished: completed,INFO,
2026-02-11 08:13:10,task_queue,"Task 597cf15953b74ee8 failed (attempt 1), re-queued: HTTPSConnectionPool(host='api.telegram.org', po",WARNING,
2026-02-11 08:13:10,workflow_engine,Loaded 4 workflow definition(s),INFO,
2026-02-11 08:13:10,workflow_engine,Starting workflow 'ops_daily_brief' run=f75af5756d49,INFO,
2026-02-11 08:15:02,workflow_engine,Workflow 'ops_daily_brief' run=f75af5756d49 finished: completed,INFO,
2026-02-11 08:19:47,telegram_server,Telegram server starting up,INFO,
2026-02-11 08:20:12,memory_core,Memory vault initialized,INFO,
2026-02-11 08:20:12,skill_registry,Registered skill: market_watch v1.0.0 (1 tools),INFO,
2026-02-11 08:20:12,skill_registry,Registered skill: memory_hygiene v1.0.0 (1 tools),INFO,
2026-02-11 08:20:12,skill_registry,Registered skill: ops_health_check v1.0.0 (1 tools),INFO,
2026-02-11 08:20:12,skill_registry,Loaded 3 skill(s) from C:\Users\HomePC\Desktop\My Personal Assistant\victor_os\skills,INFO,
2026-02-11 08:20:12,telegram_server,Connecting to Telegram...,INFO,
2026-02-11 08:20:12,telegram_server,Victor-OS (Multimodal Mode) is Online! (Bot ID: 7770925936),INFO,
2026-02-11 08:20:13,task_queue,Registered task handler: invoice_job,INFO,
2026-02-11 08:20:13,task_queue,Task queue worker started,INFO,
2026-02-11 08:20:13,proactive_engine,Registered 3 proactive checks,INFO,
2026-02-11 08:20:13,proactive_engine,Proactive engine started,INFO,
2026-02-11 08:20:13,telegram_server,Proactive engine started,INFO,
2026-02-11 08:20:16,proactive_engine,Proactive check 'ops_health_threshold' buffered critical streak=1,INFO,
2026-02-11 08:20:32,telegram_server,Singleton lock — another instance running. Exiting.,WARNING,
2026-02-11 08:20:37,memory_core,Memory vault initialized,INFO,
2026-02-11 08:20:37,skill_registry,Registered skill: market_watch v1.0.0 (1 tools),INFO,
2026-02-11 08:20:37,skill_registry,Registered skill: memory_hygiene v1.0.0 (1 tools),INFO,
2026-02-11 08:20:37,skill_registry,Registered skill: ops_health_check v1.0.0 (1 tools),INFO,
2026-02-11 08:20:37,skill_registry,Loaded 3 skill(s) from C:\Users\HomePC\Desktop\My Personal Assistant\victor_os\skills,INFO,
2026-02-11 08:20:37,task_queue,Registered task handler: daily_briefing,INFO,
2026-02-11 08:20:37,task_queue,Task queue worker started,INFO,
2026-02-11 08:20:37,daily_briefing,Daily briefing scheduler online,INFO,
2026-02-11 09:00:02,proactive_engine,Proactive check failed (market_watch_moves): <urlopen error [Errno 11001] getaddrinfo failed>,WARNING,
2026-02-11 09:15:44,proactive_engine,Proactive check failed (market_watch_moves): <urlopen error [Errno 11001] getaddrinfo failed>,WARNING,
2026-02-11 09:18:09,telegram_server,Singleton lock — another instance running. Exiting.,WARNING,
2026-02-11 09:20:58,proactive_engine,Proactive check failed (market_watch_moves): <urlopen error [WinError 10054] An existing connection ,WARNING,
2026-02-11 09:31:10,proactive_engine,Proactive check 'ops_health_threshold' buffered critical streak=1,INFO,
2026-02-11 09:46:33,proactive_engine,Proactive check failed (market_watch_moves): <urlopen error [Errno 11001] getaddrinfo failed>,WARNING,
2026-02-11 09:51:35,proactive_engine,Proactive check failed (market_watch_moves): <urlopen error [Errno 11001] getaddrinfo failed>,WARNING,
2026-02-11 09:56:48,proactive_engine,Proactive check failed (market_watch_moves): <urlopen error [Errno 11001] getaddrinfo failed>,WARNING,
2026-02-11 09:56:50,proactive_engine,Proactive check 'ops_health_threshold' buffered critical streak=1,INFO,
2026-02-11 10:00:49,telegram_server,Processing: helo ,INFO,
2026-02-11 10:00:50,Telegram User,Input Received,INFO,Text: helo...
2026-02-11 10:00:58,Chief_of_Staff,Text Response Sent,INFO,
2026-02-11 10:01:52,proactive_engine,Proactive check 'ops_health_threshold' buffered critical streak=2,INFO,
2026-02-11 10:17:23,proactive_engine,Proactive check failed (market_watch_moves): <urlopen error [WinError 10054] An existing connection ,WARNING,
2026-02-11 10:22:28,proactive_engine,Proactive check 'ops_health_threshold' buffered critical streak=1,INFO,
2026-02-11 10:27:30,proactive_engine,Proactive check 'ops_health_threshold' buffered critical streak=2,INFO,
2026-02-11 11:17:54,proactive_engine,Proactive check 'ops_health_threshold' buffered critical streak=1,INFO,
2026-02-11 11:29:24,telegram_server,Telegram server starting up,INFO,
2026-02-11 11:29:38,memory_core,Memory vault initialized,INFO,
2026-02-11 11:29:38,skill_registry,Registered skill: market_watch v1.0.0 (1 tools),INFO,
2026-02-11 11:29:38,skill_registry,Registered skill: memory_hygiene v1.0.0 (1 tools),INFO,
2026-02-11 11:29:38,skill_registry,Registered skill: ops_health_check v1.0.0 (1 tools),INFO,
2026-02-11 11:29:38,skill_registry,Loaded 3 skill(s) from C:\Users\HomePC\Desktop\My Personal Assistant\victor_os\skills,INFO,
2026-02-11 11:29:38,telegram_server,Connecting to Telegram...,INFO,
2026-02-11 11:29:38,telegram_server,Victor-OS (Multimodal Mode) is Online! (Bot ID: 7770925936),INFO,
2026-02-11 11:29:39,task_queue,Registered task handler: invoice_job,INFO,
2026-02-11 11:29:39,task_queue,Task queue worker started,INFO,
2026-02-11 11:29:39,proactive_engine,Registered 3 proactive checks,INFO,
2026-02-11 11:29:39,proactive_engine,Proactive engine started,INFO,
2026-02-11 11:29:39,telegram_server,Proactive engine started,INFO,
2026-02-11 11:29:41,proactive_engine,Proactive check 'ops_health_threshold' buffered critical streak=1,INFO,
2026-02-11 11:44:49,proactive_engine,Proactive check 'ops_health_threshold' buffered critical streak=1,INFO,
2026-02-11 11:54:40,telegram_server,Processing: WOuld you classify yourself to have an agentic workflow? ,INFO,
2026-02-11 11:54:41,Telegram User,Input Received,INFO,Text: WOuld you classify yourself to have an agentic wor...
2026-02-11 11:54:49,Chief_of_Staff,Text Response Sent,INFO,
2026-02-11 12:35:48,proactive_engine,Proactive check failed (market_watch_moves): <urlopen error _ssl.c:1059: The handshake operation tim,WARNING,
2026-02-11 12:46:15,proactive_engine,Proactive check failed (market_watch_moves): <urlopen error [Errno 11001] getaddrinfo failed>,WARNING,
2026-02-11 12:46:21,telegram_server,Processing: Recent upgrades have happened to you... What aare they? ,INFO,
2026-02-11 12:46:27,Telegram User,Input Received,INFO,Text: Recent upgrades have happened to you... What aare ...
2026-02-11 12:46:52,memory_core,Memory inserted: agent_status_1770810412290,INFO,
2026-02-11 12:46:52,Chief_of_Staff,Text Response Sent,INFO,
2026-02-11 12:51:20,proactive_engine,Proactive check 'ops_health_threshold' buffered critical streak=1,INFO,
2026-02-11 12:56:30,proactive_engine,Proactive check 'ops_health_threshold' buffered critical streak=2,INFO,
2026-02-11 13:01:42,tools,Email sent: Critical Victor-OS Alert,INFO,
2026-02-11 13:01:42,proactive_engine,Proactive alert sent for user=ceejay via channels=['email'],INFO,
2026-02-11 13:06:52,tools,Email sent: Critical Victor-OS Alert,INFO,
2026-02-11 13:06:52,proactive_engine,Proactive alert sent for user=ceejay via channels=['email'],INFO,
2026-02-11 13:12:04,tools,Email sent: Critical Victor-OS Alert,INFO,
2026-02-11 13:12:04,proactive_engine,Proactive alert sent for user=ceejay via channels=['email'],INFO,
2026-02-11 13:17:15,tools,Email sent: Critical Victor-OS Alert,INFO,
2026-02-11 13:17:15,proactive_engine,Proactive alert sent for user=ceejay via channels=['email'],INFO,
2026-02-11 13:22:21,tools,Email sent: Critical Victor-OS Alert,INFO,
2026-02-11 13:22:21,proactive_engine,Proactive alert sent for user=ceejay via channels=['email'],INFO,
2026-02-11 13:27:30,tools,Email sent: Critical Victor-OS Alert,INFO,
2026-02-11 13:27:30,proactive_engine,Proactive alert sent for user=ceejay via channels=['email'],INFO,
2026-02-11 13:32:39,tools,Email sent: Critical Victor-OS Alert,INFO,
2026-02-11 13:32:39,proactive_engine,Proactive alert sent for user=ceejay via channels=['email'],INFO,
2026-02-11 13:37:45,tools,Email sent: Critical Victor-OS Alert,INFO,
2026-02-11 13:37:45,proactive_engine,Proactive alert sent for user=ceejay via channels=['email'],INFO,
2026-02-11 13:42:51,tools,Email sent: Critical Victor-OS Alert,INFO,
2026-02-11 13:42:51,proactive_engine,Proactive alert sent for user=ceejay via channels=['email'],INFO,
2026-02-11 13:48:02,tools,Email sent: Critical Victor-OS Alert,INFO,
2026-02-11 13:48:02,proactive_engine,Proactive alert sent for user=ceejay via channels=['email'],INFO,
2026-02-11 13:53:10,tools,Email sent: Critical Victor-OS Alert,INFO,
2026-02-11 13:53:10,proactive_engine,Proactive alert sent for user=ceejay via channels=['email'],INFO,
2026-02-11 13:58:18,tools,Email sent: Critical Victor-OS Alert,INFO,
2026-02-11 13:58:18,proactive_engine,Proactive alert sent for user=ceejay via channels=['email'],INFO,
2026-02-11 14:03:28,tools,Email sent: Critical Victor-OS Alert,INFO,
2026-02-11 14:03:28,proactive_engine,Proactive alert sent for user=ceejay via channels=['email'],INFO,
2026-02-11 14:08:35,tools,Email sent: Critical Victor-OS Alert,INFO,
2026-02-11 14:08:35,proactive_engine,Proactive alert sent for user=ceejay via channels=['email'],INFO,
2026-02-11 14:13:49,tools,Email sent: Critical Victor-OS Alert,INFO,
2026-02-11 14:13:49,proactive_engine,Proactive alert sent for user=ceejay via channels=['email'],INFO,
2026-02-11 14:18:58,tools,Email sent: Critical Victor-OS Alert,INFO,
2026-02-11 14:18:58,proactive_engine,Proactive alert sent for user=ceejay via channels=['email'],INFO,
2026-02-11 14:24:04,tools,Email sent: Critical Victor-OS Alert,INFO,
2026-02-11 14:24:04,proactive_engine,Proactive alert sent for user=ceejay via channels=['email'],INFO,
2026-02-11 14:29:08,tools,Email sent: Critical Victor-OS Alert,INFO,
2026-02-11 14:29:08,proactive_engine,Proactive alert sent for user=ceejay via channels=['email'],INFO,
2026-02-11 14:31:57,telegram_server,Telegram server starting up,INFO,
2026-02-11 14:32:05,memory_core,Memory vault initialized,INFO,
2026-02-11 14:32:05,skill_registry,Registered skill: goal_tracking v1.0.0 (4 tools),INFO,
2026-02-11 14:32:05,skill_registry,Registered skill: market_watch v1.0.0 (1 tools),INFO,
2026-02-11 14:32:05,skill_registry,Registered skill: memory_hygiene v1.0.0 (1 tools),INFO,
2026-02-11 14:32:05,skill_registry,Registered skill: ops_health_check v1.0.0 (1 tools),INFO,
2026-02-11 14:32:05,skill_registry,Loaded 4 skill(s) from C:\Users\HomePC\Desktop\My Personal Assistant\victor_os\skills,INFO,
2026-02-11 14:32:05,telegram_server,Connecting to Telegram...,INFO,
2026-02-11 14:32:05,telegram_server,Victor-OS (Multimodal Mode) is Online! (Bot ID: 7770925936),INFO,
2026-02-11 14:32:06,task_queue,Registered task handler: invoice_job,INFO,
2026-02-11 14:32:06,task_queue,Task queue worker started,INFO,
2026-02-11 14:32:06,proactive_engine,Registered 5 proactive checks,INFO,
2026-02-11 14:32:06,proactive_engine,Registered 6 proactive checks,INFO,
2026-02-11 14:32:06,telegram_server,Memory TTL cleanup registered with proactive engine (hourly),INFO,
2026-02-11 14:32:06,proactive_engine,Proactive engine started,INFO,
2026-02-11 14:32:06,telegram_server,Proactive engine started with telegram + email channels,INFO,
2026-02-11 14:32:06,workflow_engine,Loaded 5 workflow definition(s),INFO,
2026-02-11 14:32:06,telegram_server,Daily briefing action handlers registered with workflow scheduler,INFO,
2026-02-11 14:32:06,workflow_engine,Scheduled workflow 'goal_weekly_review' every sunday at 18:00,INFO,
2026-02-11 14:32:06,workflow_engine,Scheduled workflow 'ops_daily_brief' daily at 08:00,INFO,
2026-02-11 14:32:06,workflow_engine,Workflow scheduler started with 2 job(s),INFO,
2026-02-11 14:32:09,proactive_engine,Proactive check 'ops_health_threshold' buffered critical streak=1,INFO,
2026-02-11 14:32:26,telegram_server,Singleton lock — another instance running. Exiting.,WARNING,
2026-02-11 14:37:11,proactive_engine,Proactive check 'ops_health_threshold' buffered critical streak=2,INFO,
2026-02-11 14:37:46,telegram_server,Processing: Run the ops_daily_brief workflow ,INFO,
2026-02-11 14:37:47,Telegram User,Input Received,INFO,Text: Run the ops_daily_brief workflow...
2026-02-11 14:37:53,workflow_engine,Loaded 5 workflow definition(s),INFO,
2026-02-11 14:37:53,workflow_engine,Starting workflow 'ops_daily_brief' run=97e794ff6313,INFO,
2026-02-11 14:37:55,workflow_engine,Workflow 'ops_daily_brief' run=97e794ff6313 finished: completed,INFO,
2026-02-11 14:38:03,memory_core,Memory inserted: agent_status_1770817083547,INFO,
2026-02-11 14:38:03,memory_core,Memory inserted: agent_artifact_1770817083967,INFO,
2026-02-11 14:38:04,Chief_of_Staff,Text Response Sent,INFO,
2026-02-11 14:42:17,tools,Email sent: Critical Victor-OS Alert,INFO,
2026-02-11 14:42:17,proactive_engine,"Proactive alert sent for user=ceejay via channels=['telegram', 'email']",INFO,
2026-02-11 14:47:27,proactive_engine,Proactive check failed (market_watch_moves): The read operation timed out,WARNING,
2026-02-11 14:47:29,telegram_server,"Notification push failed: ('Connection aborted.', ConnectionResetError(10054, 'An existing connectio",ERROR,
2026-02-11 14:47:31,tools,Email sent: Critical Victor-OS Alert,INFO,
2026-02-11 14:47:31,proactive_engine,"Proactive alert sent for user=ceejay via channels=['telegram', 'email']",INFO,
2026-02-11 14:52:38,tools,Email sent: Critical Victor-OS Alert,INFO,
2026-02-11 14:52:38,proactive_engine,"Proactive alert sent for user=ceejay via channels=['telegram', 'email']",INFO,
2026-02-11 14:53:12,telegram_server,Processing: Okay stop ops_daily_brief workflow ,INFO,
2026-02-11 14:53:13,Telegram User,Input Received,INFO,Text: Okay stop ops_daily_brief workflow...
2026-02-11 14:53:23,memory_core,Memory inserted: agent_status_1770818003917,INFO,
2026-02-11 14:53:24,Chief_of_Staff,Text Response Sent,INFO,
2026-02-11 14:57:40,telegram_server,"Notification push failed: ('Connection aborted.', ConnectionResetError(10054, 'An existing connectio",ERROR,
2026-02-11 14:57:43,tools,Email sent: Critical Victor-OS Alert,INFO,
2026-02-11 14:57:43,proactive_engine,"Proactive alert sent for user=ceejay via channels=['telegram', 'email']",INFO,
2026-02-11 15:02:50,tools,Email sent: Critical Victor-OS Alert,INFO,
2026-02-11 15:02:50,proactive_engine,"Proactive alert sent for user=ceejay via channels=['telegram', 'email']",INFO,
